threads,estimate,error,time
1,3.1418766,0.0002839464102,1.660508177
1,3.1418766,0.0002839464102,1.657725347
1,3.1418766,0.0002839464102,1.644348629
1,3.1418766,0.0002839464102,1.660636246
1,3.1418766,0.0002839464102,1.667159525
2,3.14187484,0.0002821864102,0.847375774
2,3.14187484,0.0002821864102,0.840161047
2,3.14187484,0.0002821864102,0.843197896
2,3.14187484,0.0002821864102,0.841726232
2,3.14187484,0.0002821864102,0.84531121
3,3.14180244,0.0002097864102,0.569752982
3,3.14180244,0.0002097864102,0.571907923
3,3.14180244,0.0002097864102,0.572646304
3,3.14180244,0.0002097864102,0.571070293
3,3.14180244,0.0002097864102,0.571665147
4,3.14178844,0.0001957864102,0.434896419
4,3.14178844,0.0001957864102,0.436717858
4,3.14178844,0.0001957864102,0.438312307
4,3.14178844,0.0001957864102,0.441100376
4,3.14178844,0.0001957864102,0.440893501
5,3.141853,0.0002603464102,0.354548868
5,3.141853,0.0002603464102,0.357692088
5,3.141853,0.0002603464102,0.357984941
5,3.141853,0.0002603464102,0.357491918
5,3.141853,0.0002603464102,0.355442859
6,3.14164184,4.918641021e-05,0.300871199
6,3.14164184,4.918641021e-05,0.29915229
6,3.14164184,4.918641021e-05,0.296874565
6,3.14164184,4.918641021e-05,0.296986104
6,3.14164184,4.918641021e-05,0.297412916
7,3.14160524,1.258641021e-05,0.25898906
7,3.14160524,1.258641021e-05,0.257120407
7,3.14160524,1.258641021e-05,0.257478283
7,3.14160524,1.258641021e-05,0.258622034
7,3.14160524,1.258641021e-05,0.266858776
8,3.14153944,5.321358979e-05,0.250034331
8,3.14153944,5.321358979e-05,0.247153581
8,3.14153944,5.321358979e-05,0.252162521
8,3.14153944,5.321358979e-05,0.249123786
8,3.14153944,5.321358979e-05,0.247820583
9,3.14147588,0.0001167735898,0.277332314
9,3.14147588,0.0001167735898,0.27113569
9,3.14147588,0.0001167735898,0.275532386
9,3.14147588,0.0001167735898,0.276982051
9,3.14147588,0.0001167735898,0.275275713
10,3.14160364,1.098641021e-05,0.248156738
10,3.14160364,1.098641021e-05,0.251890133
10,3.14160364,1.098641021e-05,0.254336739
10,3.14160364,1.098641021e-05,0.254359508
10,3.14160364,1.098641021e-05,0.253266463
11,3.1415806,1.205358979e-05,0.236088751
11,3.1415806,1.205358979e-05,0.237741659
11,3.1415806,1.205358979e-05,0.234956593
11,3.1415806,1.205358979e-05,0.233674344
11,3.1415806,1.205358979e-05,0.236639464
12,3.1416454,5.274641021e-05,0.22006366
12,3.1416454,5.274641021e-05,0.222018989
12,3.1416454,5.274641021e-05,0.21701368
12,3.1416454,5.274641021e-05,0.223998135
12,3.1416454,5.274641021e-05,0.21922694
13,3.14159948,6.826410207e-06,0.221291713
13,3.14159948,6.826410207e-06,0.214246006
13,3.14159948,6.826410207e-06,0.216664884
13,3.14159948,6.826410207e-06,0.214984388
13,3.14159948,6.826410207e-06,0.213623983
14,3.14145424,0.0001384135898,0.205027829
14,3.14145424,0.0001384135898,0.204969091
14,3.14145424,0.0001384135898,0.20525887
14,3.14145424,0.0001384135898,0.205046128
14,3.14145424,0.0001384135898,0.203395106
15,3.14138208,0.0002105735898,0.193317369
15,3.14138208,0.0002105735898,0.194831568
15,3.14138208,0.0002105735898,0.193767718
15,3.14138208,0.0002105735898,0.194633143
15,3.14138208,0.0002105735898,0.193500148
16,3.14137364,0.0002190135898,0.187726914
16,3.14137364,0.0002190135898,0.189564837
16,3.14137364,0.0002190135898,0.184734834
16,3.14137364,0.0002190135898,0.186123875
16,3.14137364,0.0002190135898,0.203369333
